[
    {
      "id": "1",
      "name": "Aceh"
    },
    {
      "id": "2",
      "name": "Sumatra Utara"
    },
    {
      "id": "3",
      "name": "Sumatra Barat"
    },
    {
      "id": "4",
      "name": "Riau"
    },
    {
      "id": "5",
      "name": "Kep. Riau"
    },
    {
      "id": "6",
      "name": "Jambi"
    },
    {
      "id": "7",
      "name": "Bengkulu"
    },
    {
      "id": "8",
      "name": "Sumatra Selatan"
    },
    {
      "id": "9",
      "name": "Kep. Bangka Belitung"
    },
    {
      "id": "10",
      "name": "Lampung"
    },
    {
      "id": "11",
      "name": "Banten"
    },
    {
      "id": "12",
      "name": "Jawa Barat"
    },
    {
      "id": "13",
      "name": "Jakarta"
    },
    {
      "id": "14",
      "name": "Jawa Tengah"
    },
    {
      "id": "15",
      "name": "Yogyakarta"
    },
    {
      "id": "16",
      "name": "Jawa Timur"
    },
    {
      "id": "17",
      "name": "Bali"
    },
    {
      "id": "18",
      "name": "Nusa Tenggara Barat"
    },
    {
      "id": "19",
      "name": "Nusa Tenggara Timur"
    },
    {
      "id": "20",
      "name": "Kalimantan Barat"
    },
    {
      "id": "21",
      "name": "Kalimantan Selatan"
    },
    {
      "id": "22",
      "name": "Kalimantan Tengah"
    },
    {
      "id": "23",
      "name": "Kalimantan Timur"
    },
    {
      "id": "24",
      "name": "Kalimantan Utara"
    },
    {
      "id": "25",
      "name": "Sulawesi Utara"
    },
    {
      "id": "26",
      "name": "Gorontalo"
    },
    {
      "id": "27",
      "name": "Sulawesi Tengah"
    },
    {
      "id": "28",
      "name": "Sulawesi Barat"
    },
    {
      "id": "29",
      "name": "Sulawesi Selatan"
    },
    {
      "id": "30",
      "name": "Sulawesi Tenggara"
    },
    {
      "id": "31",
      "name": "Maluku"
    },
    {
      "id": "32",
      "name": "Maluku Utara"
    },
    {
      "id": "33",
      "name": "Papua"
    },
    {
      "id": "34",
      "name": "Papua Barat"
    },
    {
      "id": "35",
      "name": "Papua Pegunungan"
    },
    {
      "id": "36",
      "name": "Papua Selatan"
    },
    {
      "id": "37",
      "name": "Papua Tengah"
    },
    {
      "id": "38",
      "name": "Papua Barat Daya"
    }
  ]
  